{
  "current": {
    "color_body_bg": "#ffffff",
    "color_body_text": "#000000",
    "color_price": "#1c1d1d",
    "color_savings_text": "#C20000",
    "color_borders": "#e8e8e1",
    "color_button": "#111111",
    "color_button_text": "#ffffff",
    "color_cart_dot": "#ff4f33",
    "color_small_image_bg": "#ffffff",
    "color_large_image_bg": "#ffffff",
    "color_header": "#ffffff",
    "color_header_text": "#000000",
    "color_announcement": "#449adf",
    "color_announcement_text": "#ffffff",
    "color_footer": "#000000",
    "color_footer_text": "#ffffff",
    "color_drawer_background": "#ffffff",
    "color_drawer_text": "#000000",
    "color_drawer_border": "#e8e8e1",
    "color_drawer_button": "#111111",
    "color_drawer_button_text": "#ffffff",
    "color_modal_overlays": "#e6e6e6",
    "color_image_overlay": "#000000",
    "color_image_overlay_text_shadow": 20,
    "type_header_font_family": "inter_n4",
    "type_header_spacing": "0",
    "type_header_base_size": 38,
    "type_header_line_height": 1.2,
    "type_header_capitalize": false,
    "type_headers_align_text": true,
    "type_base_font_family": "inter_n4",
    "type_base_spacing": "0",
    "type_base_size": 16,
    "type_base_line_height": 1.4,
    "type_body_align_text": true,
    "type_navigation_style": "body",
    "type_navigation_size": 14,
    "type_navigation_capitalize": false,
    "type_product_style": "body",
    "type_collection_font": "body",
    "type_collection_size": 20,
    "button_style": "square",
    "icon_weight": "2px",
    "icon_linecaps": "miter",
    "product_save_amount": true,
    "quick_shop_enable": false,
    "quick_shop_text": "Quick view",
    "product_grid_image_size": "square",
    "product_grid_image_fill": false,
    "product_hover_image": true,
    "enable_swatches": false,
    "collection_grid_style": "below",
    "collection_grid_shape": "square",
    "collection_grid_image": "product",
    "collection_grid_text_align": "center",
    "collection_grid_tint": "#000000",
    "collection_grid_opacity": 10,
    "collection_grid_gutter": true,
    "cart_type": "drawer",
    "cart_icon": "cart",
    "cart_notes_enable": false,
    "cart_terms_conditions_enable": false,
    "social_facebook_link": "https:\/\/www.facebook.com\/retrofamshop",
    "social_twitter_link": "https:\/\/x.com\/FamRetro65348",
    "social_pinterest_link": "https:\/\/www.pinterest.com\/Retrofamshop\/",
    "social_instagram_link": "https:\/\/www.instagram.com\/retro_fam4\/",
    "social_tiktok_link": "https:\/\/www.tiktok.com\/@retrofam1",
    "social_youtube_link": "https:\/\/www.youtube.com\/@Retrofam-d1r",
    "favicon": "shopify:\/\/shop_images\/Favicon_Colored.svg",
    "search_enable": true,
    "show_breadcrumbs": true,
    "show_breadcrumbs_collection_link": false,
    "disable_animations": true,
    "checkout_accent_color": "#111111",
    "checkout_body_background_color": "#ffffff",
    "checkout_button_color": "#111111",
    "checkout_error_color": "#ff6d6d",
    "checkout_input_background_color_mode": "white",
    "checkout_logo_position": "left",
    "checkout_logo_size": "small",
    "checkout_sidebar_background_color": "#fafafa",
    "sections": {
      "collection-header": {
        "type": "collection-header",
        "settings": {
          "enable": true,
          "collection_image_enable": true
        }
      }
    },
    "content_for_index": [],
    "blocks": {
      "855628211100114053": {
        "type": "shopify:\/\/apps\/klaviyo-email-marketing-sms\/blocks\/klaviyo-onsite-embed\/2632fe16-c075-4321-a88b-50b567f42507",
        "disabled": false,
        "settings": {}
      },
      "14060646107696862457": {
        "type": "shopify:\/\/apps\/judge-me-reviews\/blocks\/judgeme_core\/61ccd3b1-a9f2-4160-9fe9-4fec8413e5d8",
        "disabled": false,
        "settings": {}
      },
      "3720565183479497137": {
        "type": "shopify:\/\/apps\/globo-product-option\/blocks\/app-embed-block\/fdc9fad5-1a0f-4bd4-9c8a-1af6a6eef6b8",
        "disabled": true,
        "settings": {}
      }
    }
  },
  "presets": {
    "Impulse": {
      "color_body_text": "#321004",
      "color_savings_text": "#d74a5d",
      "color_borders": "#e8e8e1",
      "color_button": "#5e6350",
      "color_sale_tag": "#d74a5d",
      "color_cart_dot": "#d74a5d",
      "color_large_image_bg": "#0f0f0f",
      "color_header_text": "#321004",
      "color_announcement": "#6b3f21",
      "color_footer": "#ffffff",
      "color_footer_text": "#321004",
      "color_drawer_background": "#ffffff",
      "color_drawer_text": "#321004",
      "color_drawer_border": "#e8e8e1",
      "color_drawer_button": "#321004",
      "color_modal_overlays": "#e6e6e6",
      "color_image_overlay": "#321004",
      "color_image_overlay_text_shadow": 20,
      "type_header_spacing": "100",
      "type_header_line_height": 1.1,
      "type_header_capitalize": true,
      "type_headers_align_text": true,
      "type_base_size": 18,
      "type_navigation_style": "heading",
      "type_navigation_size": 14,
      "type_navigation_capitalize": true,
      "type_product_capitalize": false,
      "type_collection_size": 22,
      "button_style": "round-slight",
      "icon_weight": "3px",
      "icon_linecaps": "round",
      "quick_shop_enable": true,
      "product_grid_image_size": "portrait",
      "product_grid_image_fill": true,
      "collection_grid_shape": "portrait",
      "collection_grid_image": "product",
      "collection_grid_opacity": 12,
      "social_facebook_link": "https:\/\/www.facebook.com\/shopify",
      "social_pinterest_link": "https:\/\/www.pinterest.com\/shopify",
      "social_instagram_link": "https:\/\/instagram.com\/shopify",
      "checkout_accent_color": "#111111",
      "checkout_body_background_color": "#ffffff",
      "checkout_button_color": "#111111",
      "checkout_error_color": "#ff6d6d",
      "checkout_input_background_color_mode": "white",
      "checkout_logo_position": "left",
      "checkout_logo_size": "small",
      "checkout_sidebar_background_color": "#fafafa"
    },
    "Dune": {
      "color_body_text": "#0e0a0a",
      "color_price": "#362119",
      "color_savings_text": "#b30000",
      "color_borders": "#e8e8e1",
      "color_button": "#f7d57d",
      "color_button_text": "#100f0f",
      "color_sale_tag": "#b30000",
      "color_cart_dot": "#b30000",
      "color_large_image_bg": "#0e0a0a",
      "color_header_text": "#0e0a0a",
      "color_announcement": "#100f0f",
      "color_footer": "#ffffff",
      "color_footer_text": "#0e0a0a",
      "color_drawer_background": "#ffffff",
      "color_drawer_text": "#0e0a0a",
      "color_drawer_border": "#e8e8e1",
      "color_drawer_button": "#362119",
      "color_modal_overlays": "#e6e6e6",
      "color_image_overlay_opacity": 0,
      "color_image_overlay_text_shadow": 13,
      "type_header_font_family": "instrument_sans_n5",
      "type_header_base_size": 30,
      "type_header_line_height": 1.1,
      "type_header_capitalize": true,
      "type_base_font_family": "archivo_n4",
      "type_base_line_height": 1.6,
      "type_navigation_size": 15,
      "type_product_capitalize": false,
      "type_collection_size": 35,
      "icon_weight": "4px",
      "quick_shop_enable": true,
      "product_grid_image_size": "square",
      "product_grid_image_fill": true,
      "product_hover_image": true,
      "enable_swatches": true,
      "collection_grid_style": "overlaid-box",
      "collection_grid_image": "product",
      "collection_grid_text_align": "bottom-center",
      "collection_grid_tint": "#362219",
      "collection_grid_opacity": 0,
      "collection_grid_gutter": false,
      "cart_notes_enable": true,
      "social_facebook_link": "https:\/\/www.facebook.com\/shopify",
      "social_pinterest_link": "https:\/\/www.pinterest.com\/shopify",
      "social_instagram_link": "https:\/\/instagram.com\/shopify",
      "show_breadcrumbs": true,
      "checkout_accent_color": "#111111",
      "checkout_body_background_color": "#ffffff",
      "checkout_button_color": "#111111",
      "checkout_error_color": "#ff6d6d",
      "checkout_input_background_color_mode": "white",
      "checkout_logo_position": "left",
      "checkout_logo_size": "small",
      "checkout_sidebar_background_color": "#fafafa"
    },
    "Terrain": {
      "color_body_bg": "#000000",
      "color_body_text": "#ffffff",
      "color_price": "#ff6746",
      "color_savings_text": "#abed2d",
      "color_borders": "#2b2a27",
      "color_button": "#ff441b",
      "color_sale_tag": "#68b4f2",
      "color_sale_tag_text": "#000000",
      "color_cart_dot": "#e7421e",
      "color_small_image_bg": "#000000",
      "color_large_image_bg": "#111111",
      "color_header": "#000000",
      "color_header_text": "#ffffff",
      "color_announcement": "#000000",
      "color_announcement_text": "#fff",
      "color_footer": "#000000",
      "color_drawer_background": "#000000",
      "color_drawer_border": "#2b2a27",
      "color_drawer_button": "#9f8561",
      "color_modal_overlays": "#67635d",
      "color_image_text": "#fff",
      "color_image_overlay": "#000",
      "color_image_overlay_opacity": 15,
      "type_header_font_family": "oswald_n4",
      "type_header_spacing": "-25",
      "type_header_base_size": 60,
      "type_header_line_height": 1.2,
      "type_header_capitalize": true,
      "type_headers_align_text": true,
      "type_base_font_family": "ibm_plex_sans_n3",
      "type_base_spacing": "25",
      "type_base_size": 20,
      "type_base_line_height": 1.3,
      "type_navigation_style": "heading",
      "type_product_style": "heading",
      "type_collection_size": 16,
      "button_style": "round",
      "vendor_enable": true,
      "quick_shop_enable": true,
      "collection_grid_style": "overlaid-box",
      "collection_grid_shape": "landscape",
      "collection_grid_text_align": "bottom-center",
      "cart_icon": "bag",
      "social_facebook_link": "https:\/\/www.facebook.com\/shopify",
      "social_twitter_link": "https:\/\/twitter.com\/shopify",
      "social_youtube_link": "https:\/\/www.youtube.com\/user\/shopify",
      "checkout_accent_color": "#ae9878",
      "checkout_banner_background_color": "#fff",
      "checkout_body_background_color": "#000000",
      "checkout_body_background_image": "",
      "checkout_body_font": "Helvetica Neue",
      "checkout_button_color": "#ae9878",
      "checkout_call_to_action_color": "#a26b25",
      "checkout_error_color": "#ff6d6d",
      "checkout_heading_font": "Helvetica Neue",
      "checkout_input_background_color_mode": "transparent",
      "checkout_logo_position": "left",
      "checkout_logo_size": "small",
      "checkout_sidebar_background_color": "#000000",
      "checkout_sidebar_background_image": "",
      "checkout_use_header_image": false
    }
  },
  "platform_customizations": {
    "custom_css": []
  }
}
