{
  "type": "header",
  "name": "t:sections.header-group.name",
  "sections": {
    "announcement": {
      "type": "announcement",
      "blocks": {
        "announcement-0": {
          "type": "announcement",
          "settings": {
            "text": "Free shipping",
            "link_text": "across USA & Canada",
            "link": "shopify:\/\/collections"
          }
        },
        "announcement-1": {
          "type": "announcement",
          "settings": {
            "text": "1-YEAR Warranty",
            "link_text": "On All Products",
            "link": "shopify:\/\/collections"
          }
        },
        "announcement_BxEMbW": {
          "type": "announcement",
          "settings": {
            "text": "24\/7",
            "link_text": "Personalized Customer Support",
            "link": "shopify:\/\/collections"
          }
        }
      },
      "block_order": [
        "announcement-0",
        "announcement-1",
        "announcement_BxEMbW"
      ],
      "disabled": true,
      "settings": {
        "announcement_compact": true
      }
    },
    "header": {
      "type": "header",
      "blocks": {
        "header-0": {
          "type": "logo",
          "settings": {
            "logo": "shopify:\/\/shop_images\/Logo_1.png",
            "desktop_logo_width": 80,
            "mobile_logo_width": 60
          }
        }
      },
      "block_order": [
        "header-0"
      ],
      "settings": {
        "main_menu_link_list": "new-main-menu",
        "hover_menu": true,
        "mega_menu_images": true,
        "main_menu_alignment": "left",
        "header_style": "sticky",
        "sticky_index": false,
        "sticky_collection": false,
        "center_text": "Revisit Glory Days - 10% Off Your First Order",
        "center_link": "https:\/\/retrofam.com\/collections\/all",
        "email": "help@retrofam.com",
        "phone": "+1 (484) 486 7326",
        "background_color": "#000000",
        "text_color": "#ffffff",
        "toolbar_menu": "",
        "toolbar_social": false,
        "menu_item_1_color": "#e30013",
        "menu_item_1_image": "shopify:\/\/shop_images\/nintendo_true_3.png",
        "menu_item_2_color": "#845dbf",
        "menu_item_2_image": "shopify:\/\/shop_images\/Asset_2_2.png",
        "menu_item_3_color": "#0070d1",
        "menu_item_3_image": "shopify:\/\/shop_images\/play_station_1_1.png",
        "menu_item_4_color": "#080707",
        "menu_item_4_image": "shopify:\/\/shop_images\/xbox-one-seeklogo_1.png",
        "menu_item_5_color": "#205078",
        "menu_item_5_image": "shopify:\/\/shop_images\/play_station_1.png",
        "menu_item_6_color": "#000000",
        "menu_item_6_image": "shopify:\/\/shop_images\/atari-seeklogo_1.png",
        "show_locale_selector": true,
        "show_currency_selector": true,
        "show_currency_flags": true
      }
    }
  },
  "order": [
    "announcement",
    "header"
  ]
}
