{
  "sections": {
    "main": {
      "type": "article-template",
      "settings": {
        "image_hero": false,
        "blog_show_tags": true,
        "blog_show_date": true,
        "blog_show_comments": true,
        "blog_show_author": false,
        "social_sharing_blog": true
      }
    },
    "blog-posts": {
      "type": "blog-posts",
      "settings": {
        "title": "You may also like",
        "blog": "guides",
        "post_limit": 3,
        "blog_show_tags": false,
        "blog_show_date": true,
        "blog_show_comments": false,
        "blog_show_author": false,
        "view_all": true,
        "blog_image_size": "wide",
        "divider": false
      }
    }
  },
  "order": [
    "main",
    "blog-posts"
  ]
}
