{
  "sections": {
    "main": {
      "type": "blog-template",
      "settings": {
        "blog_show_tag_filter": false,
        "blog_show_rss": false,
        "blog_show_tags": false,
        "blog_show_date": true,
        "blog_show_comments": true,
        "blog_show_author": false,
        "blog_show_excerpt": false,
        "blog_image_size": "wide"
      }
    },
    "featured_collection_TMH3zE": {
      "type": "featured-collection",
      "name": "t:sections.featured-collection.presets.featured_collection.name",
      "settings": {
        "title": "Featured collection",
        "home_featured_products": "nintendo",
        "per_row": 4,
        "rows": 1,
        "mobile_scrollable": true,
        "view_all": true,
        "divider": false
      }
    },
    "featured-collections": {
      "type": "featured-collections",
      "blocks": {
        "collection1": {
          "type": "collection",
          "settings": {
            "collection": "",
            "title": "",
            "focal_point": "center center"
          }
        },
        "collection2": {
          "type": "collection",
          "settings": {
            "collection": "",
            "title": "",
            "focal_point": "center center"
          }
        },
        "collection3": {
          "type": "collection",
          "settings": {
            "collection": "",
            "title": "",
            "focal_point": "center center"
          }
        },
        "collection4": {
          "type": "collection",
          "settings": {
            "collection": "",
            "title": "",
            "focal_point": "center center"
          }
        }
      },
      "block_order": [
        "collection1",
        "collection2",
        "collection3",
        "collection4"
      ],
      "disabled": true,
      "settings": {
        "title": "You may also like",
        "divider": false,
        "per_row": 4,
        "enable_gutter": true
      }
    }
  },
  "order": [
    "main",
    "featured_collection_TMH3zE",
    "featured-collections"
  ]
}
