{
  "sections": {
    "main": {
      "type": "main-cart",
      "settings": {}
    },
    "recently-viewed": {
      "type": "recently-viewed",
      "settings": {
        "recent_count": 5
      }
    },
    "featured-collection": {
      "type": "featured-collection",
      "settings": {
        "title": "Popular picks",
        "home_featured_products": "nintendo",
        "per_row": 4,
        "rows": 1,
        "mobile_scrollable": true,
        "view_all": true,
        "divider": false
      }
    }
  },
  "order": [
    "main",
    "featured-collection",
    "recently-viewed"
  ]
}
