{
  "sections": {
    "collection-header": {
      "type": "collection-header",
      "settings": {}
    },
    "main-collection": {
      "type": "main-collection",
      "blocks": {
        "collection_description": {
          "type": "collection_description",
          "settings": {}
        },
        "product_grid": {
          "type": "product_grid",
          "settings": {}
        },
        "subcollections": {
          "type": "subcollections",
          "settings": {}
        }
      },
      "block_order": [
        "collection_description",
        "subcollections",
        "product_grid"
      ],
      "settings": {}
    }
  },
  "order": [
    "collection-header",
    "main-collection"
  ]
}
