{
  "sections": {
    "main": {
      "type": "list-collections-template",
      "settings": {
        "title_enable": true,
        "display_type": "all",
        "sort": "alphabetical",
        "grid": "4"
      }
    },
    "featured_collection_fWBnk8": {
      "type": "featured-collection",
      "name": "t:sections.featured-collection.presets.featured_collection.name",
      "settings": {
        "title": "Featured collection",
        "home_featured_products": "nintendo",
        "per_row": 4,
        "rows": 1,
        "mobile_scrollable": true,
        "view_all": true,
        "divider": false
      }
    },
    "logo-list": {
      "type": "logo-list",
      "blocks": {
        "logo1": {
          "type": "logo_image",
          "settings": {
            "link": ""
          }
        },
        "logo2": {
          "type": "logo_image",
          "settings": {
            "link": ""
          }
        },
        "logo3": {
          "type": "logo_image",
          "settings": {
            "link": ""
          }
        },
        "logo4": {
          "type": "logo_image",
          "settings": {
            "link": ""
          }
        },
        "logo5": {
          "type": "logo_image",
          "settings": {
            "link": ""
          }
        },
        "logo6": {
          "type": "logo_image",
          "settings": {
            "link": ""
          }
        }
      },
      "block_order": [
        "logo1",
        "logo2",
        "logo3",
        "logo4",
        "logo5",
        "logo6"
      ],
      "disabled": true,
      "settings": {
        "title": "Our brands",
        "logo_opacity": 76,
        "divider": false
      }
    }
  },
  "order": [
    "main",
    "featured_collection_fWBnk8",
    "logo-list"
  ]
}
