{
  "sections": {
    "main": {
      "type": "main-page",
      "settings": {}
    },
    "featured_collection_GhhJca": {
      "type": "featured-collection",
      "name": "t:sections.featured-collection.presets.featured_collection.name",
      "settings": {
        "title": "Featured collection",
        "home_featured_products": "nintendo",
        "per_row": 4,
        "rows": 1,
        "mobile_scrollable": true,
        "view_all": true,
        "divider": false
      }
    }
  },
  "order": [
    "main",
    "featured_collection_GhhJca"
  ]
}
