{
  "sections": {
    "contact_banner": {
      "type": "contact-banner",
      "settings": {
        "background_image": "",
        "background_color": "#42b792db",
        "controller_image": "",
        "show_breadcrumb": true,
        "home_text": "Home",
        "contact_text": "Contact Us",
        "breadcrumb_color": "#080707",
        "title": "We're So Pleased to Have You Here!",
        "crown_image": "",
        "description": "<p>Got questions? Get in touch with a RetroFam representative. Our team of video game sales experts is here to help with anything related to our business, whether it's about games, systems, orders, or more. Please note that RetroFam is an online-only retailer. We're always here online to assist you!</p>",
        "show_faq_link": true,
        "faq_link": "https://retrofam.com/pages/faq",
        "faq_link_text": "Visit our FAQs page",
        "faq_link_suffix": "and find what you need quickly!",
        "show_contact_info": true,
        "phone_icon": "",
        "contact_label": "Our Contact Info",
        "phone_number": "+1 484 206 5351",
        "email": "info@retrofam.com",
        "show_address": true,
        "location_icon": "",
        "address_label": "Our Mailing Address",
        "address": "123 Retro Street, Gaming City, GC 12345",
        "map_link": "https://www.google.com/maps/search/?api=1&query=Retro%20Fam",
        "show_hours": true,
        "clock_icon": "",
        "hours_label": "Business Hours",
        "business_hours": "Monday - Friday: 9AM - 6PM EST",
        "show_social": true,
        "heart_icon": "",
        "social_label": "Follow Us",
        "facebook_url": "",
        "instagram_url": "",
        "twitter_url": "",
        "youtube_url": "",
        "tiktok_url": "",
        "title_color": "#080707",
        "description_color": "#080707",
        "accent_color": "#FF6B35",
        "label_color": "#080707",
        "text_color": "#080707",
        "link_color": "#080707",
        "social_icon_color": "#080707",
        "icon_background_color": "#ffffff",
        "icon_border_color": "#080707"
      }
    },
    "contact_form": {
      "type": "contact-us",
      "settings": {
        "background_color": "#ffffff",
        "form_title": "Fill Out the Form",
        "form_description": "<p>Got a question or need help? We're here for you. Just fill out the form below, and one of our friendly experts will reach out to assist you fast.</p>",
        "form_subtitle": "Your answers are just a click away! Let us take care of the rest.",
        "show_map": true,
        "map_title": "Something about Map",
        "map_embed_url": "https://www.google.com/maps/embed?pb=!1m18!1m12!1m3!1d3036.0669563232227!2d-75.81941619999999!3d40.451654999999995!2m3!1f0!2f0!3f0!3m2!1i1024!2i768!4f13.1!3m3!1m2!1s0x89c5d744c171372d%3A0x35e60ebb9a5ded42!2sRetroFam!5e0!3m2!1sen!2s!4v1745935298807!5m2!1sen!2s",
        "form_background_image": "",
        "form_splash_image": "",
        "form_controller_image": "",
        "bottom_prop_image": "",
        "name_label": "Name",
        "name_placeholder": "Full Name",
        "phone_label": "Phone",
        "phone_placeholder": "+1 484 206 5351",
        "email_label": "Email Address",
        "email_placeholder": "Johndoe@gmail.com",
        "subject_label": "Subject",
        "subject_placeholder": "Enter Subject",
        "message_label": "Your Message",
        "message_placeholder": "Type Your Message Here...",
        "submit_button_text": "Submit",
        "success_title": "Thank You for Reaching Out!",
        "success_description": "<p>Your message has been successfully submitted, and one of our experts will be in touch with you shortly. We appreciate you taking the time to connect with us.</p>",
        "show_reward_section": true,
        "reward_title": "You have also got a reward",
        "reward_description": "Some instructions about how they can claim the reward",
        "show_progress_bar": true,
        "show_desktop_props": true,
        "show_desktop_top_prop": true,
        "show_mobile_top_prop": true,
        "title_color": "#080707",
        "description_color": "#080707",
        "subtitle_color": "#080707",
        "map_title_color": "#080707",
        "label_color": "#ffffff",
        "input_border_color": "#080707",
        "input_background_color": "#ffffff",
        "input_text_color": "#080707",
        "input_focus_color": "#FF6B35",
        "button_background_color": "#10B981",
        "button_text_color": "#ffffff",
        "button_hover_color": "#059669",
        "progress_bar_color": "#FF6B35",
        "form_border_color": "#000000",
        "form_shadow_color": "#080707",
        "error_color": "#EF4444",
        "success_color": "#10B981",
        "focus_color": "#FF6B35",
        "success_text_color": "#ffffff",
        "success_description_color": "#ffffff",
        "success_divider_color": "#ffffff",
        "success_icon_background": "#10B981",
        "reward_description_color": "#ffffff",
        "info_color": "#3B82F6"
      }
    },
    "contact_gallery": {
      "type": "contact-gallery",
      "settings": {
        "show_counter": true,
        "prev_button_label": "Previous image",
        "next_button_label": "Next image",
        "background_color": "#449ADF",
        "border_color": "#080707",
        "shadow_color": "#080707",
        "nav_background_color": "#ffffff",
        "nav_border_color": "#080707",
        "nav_shadow_color": "#080707",
        "nav_icon_color": "#080707",
        "nav_hover_background_color": "#FF6B35",
        "nav_hover_icon_color": "#ffffff",
        "counter_color": "#1E3A8A",
        "focus_color": "#FF6B35",
        "counter_font_size": 16
      },
      "blocks": {
        "gallery_image_1": {
          "type": "gallery_image",
          "settings": {
            "image": "",
            "alt_text": "Gallery Image 1"
          }
        },
        "gallery_image_2": {
          "type": "gallery_image",
          "settings": {
            "image": "",
            "alt_text": "Gallery Image 2"
          }
        },
        "gallery_image_3": {
          "type": "gallery_image",
          "settings": {
            "image": "",
            "alt_text": "Gallery Image 3"
          }
        },
        "gallery_image_4": {
          "type": "gallery_image",
          "settings": {
            "image": "",
            "alt_text": "Gallery Image 4"
          }
        },
        "gallery_image_5": {
          "type": "gallery_image",
          "settings": {
            "image": "",
            "alt_text": "Gallery Image 5"
          }
        },
        "gallery_image_6": {
          "type": "gallery_image",
          "settings": {
            "image": "",
            "alt_text": "Gallery Image 6"
          }
        }
      },
      "block_order": [
        "gallery_image_1",
        "gallery_image_2",
        "gallery_image_3",
        "gallery_image_4",
        "gallery_image_5",
        "gallery_image_6"
      ]
    },
    "contact_bottom_banner": {
      "type": "contact-bottom-banner",
      "settings": {
        "title": "RETRO GAMES",
        "subtitle": "Experience the nostalgia of classic gaming with our curated collection of retro games and consoles",
        "cta_text": "Explore Collection",
        "cta_link": "/collections/all",
        "background_image": "",
        "overlay_color": "rgba(0, 0, 0, 0.40)",
        "desktop_height": 440,
        "title_font_size_mobile": 30,
        "title_font_size_desktop": 36,
        "title_text_transform": "uppercase",
        "subtitle_font_size": 18,
        "title_color": "#ffffff",
        "title_glow_color": "rgba(255, 255, 255, 0.8)",
        "subtitle_color": "rgba(255, 255, 255, 0.8)",
        "cta_background_color": "#FF6B35",
        "cta_text_color": "#ffffff",
        "cta_hover_background_color": "#E55A2B",
        "cta_focus_color": "#ffffff",
        "focus_color": "#FF6B35",
        "bg_element_color": "rgba(255, 255, 255, 0.1)",
        "parallax_gradient_color_1": "rgba(255, 107, 53, 0.1)",
        "parallax_gradient_color_2": "rgba(30, 58, 138, 0.1)",
        "particle_color": "rgba(255, 255, 255, 0.3)",
        "show_bg_elements": true,
        "show_particles": true,
        "particle_count": 15
      }
    }
  },
  "order": [
    "contact_banner",
    "contact_form",
    "contact_gallery",
    "contact_bottom_banner"
  ]
}
